{"cameraMode":{"drawMode":0,"name":"Shaded","section":"Shading Mode"},"sceneLighting":true,"audioPlay":false,"sceneViewState":{"m_AlwaysRefresh":false,"showFog":true,"showSkybox":true,"showFlares":true,"showImageEffects":true,"showParticleSystems":true,"showVisualEffectGraphs":true,"m_FxEnabled":true},"in2DMode":false,"pivot":{"x":166.1290740966797,"y":-23.29743194580078,"z":154.34324645996095},"rotation":{"x":-0.13008123636245728,"y":0.02707015722990036,"z":-0.0035528845619410278,"w":-0.9911264777183533},"size":5.216586112976074,"orthographic":true}