{"cameraMode":{"drawMode":0,"name":"Shaded","section":"Shading Mode"},"sceneLighting":true,"audioPlay":false,"sceneViewState":{"m_AlwaysRefresh":false,"showFog":true,"showSkybox":true,"showFlares":true,"showImageEffects":true,"showParticleSystems":true,"showVisualEffectGraphs":true,"m_FxEnabled":true},"in2DMode":false,"pivot":{"x":-15.166693687438965,"y":17.58380889892578,"z":-30.772075653076173},"rotation":{"x":-0.13008123636245728,"y":0.02707015722990036,"z":-0.0035528845619410278,"w":-0.9911264777183533},"size":8.939845085144043,"orthographic":true}