{"cameraMode":{"drawMode":0,"name":"Shaded","section":"Shading Mode"},"sceneLighting":true,"audioPlay":false,"sceneViewState":{"m_AlwaysRefresh":false,"showFog":true,"showSkybox":true,"showFlares":true,"showImageEffects":true,"showParticleSystems":true,"showVisualEffectGraphs":true,"m_FxEnabled":true},"in2DMode":false,"pivot":{"x":21.64496612548828,"y":1.1009374856948853,"z":26.189006805419923},"rotation":{"x":-0.012486526742577553,"y":-0.9874811172485352,"z":0.10706453025341034,"w":-0.11516604572534561},"size":3.1046817302703859,"orthographic":true}