{"cameraMode":{"drawMode":0,"name":"Shaded","section":"Shading Mode"},"sceneLighting":true,"audioPlay":false,"sceneViewState":{"m_AlwaysRefresh":false,"showFog":true,"showSkybox":true,"showFlares":true,"showImageEffects":true,"showParticleSystems":true,"showVisualEffectGraphs":true,"m_FxEnabled":true},"in2DMode":false,"pivot":{"x":283.5682678222656,"y":161.25930786132813,"z":13.597686767578125},"rotation":{"x":-0.13008123636245728,"y":0.02707015722990036,"z":-0.0035528845619410278,"w":-0.9911264777183533},"size":259.77978515625,"orthographic":true}