{"cameraMode":{"drawMode":0,"name":"Shaded","section":"Shading Mode"},"sceneLighting":true,"audioPlay":false,"sceneViewState":{"m_AlwaysRefresh":false,"showFog":true,"showSkybox":true,"showFlares":true,"showImageEffects":true,"showParticleSystems":true,"showVisualEffectGraphs":true,"m_FxEnabled":true},"in2DMode":false,"pivot":{"x":19.324739456176759,"y":-0.24442815780639649,"z":25.83334732055664},"rotation":{"x":0.0014095089863985777,"y":-0.993928849697113,"z":0.10927227139472962,"w":0.012820853851735592},"size":4.35998010635376,"orthographic":true}