{"cameraMode":{"drawMode":0,"name":"Shaded","section":"Shading Mode"},"sceneLighting":true,"audioPlay":false,"sceneViewState":{"m_AlwaysRefresh":false,"showFog":true,"showSkybox":true,"showFlares":true,"showImageEffects":true,"showParticleSystems":true,"showVisualEffectGraphs":true,"m_FxEnabled":true},"in2DMode":false,"pivot":{"x":-17.181259155273439,"y":-0.6820876598358154,"z":-5.281375885009766},"rotation":{"x":-0.012486526742577553,"y":-0.9874811172485352,"z":0.10706453025341034,"w":-0.11516604572534561},"size":7.766890048980713,"orthographic":true}